,file_name,height,width,id
0,000012.jpg,333,500,12
1,000017.jpg,364,480,17
2,000023.jpg,500,334,23
3,000026.jpg,333,500,26
4,000032.jpg,281,500,32
5,000033.jpg,366,500,33
6,000034.jpg,500,360,34
7,000035.jpg,375,500,35
8,000036.jpg,500,332,36
9,000042.jpg,335,500,42
10,000044.jpg,333,500,44
11,000047.jpg,333,500,47
12,000048.jpg,500,375,48
13,000061.jpg,333,500,61
14,000064.jpg,500,496,64
15,000066.jpg,375,500,66
16,000073.jpg,500,375,73
17,000077.jpg,333,500,77
18,000078.jpg,419,500,78
19,000083.jpg,333,500,83
20,000089.jpg,374,500,89
21,000091.jpg,375,500,91
22,000104.jpg,333,500,104
23,000112.jpg,500,333,112
24,000122.jpg,480,475,122
25,000129.jpg,500,334,129
26,000133.jpg,500,447,133
27,000134.jpg,371,500,134
28,000138.jpg,332,500,138
29,000140.jpg,401,500,140
30,000141.jpg,423,500,141
31,000147.jpg,333,500,147
32,000153.jpg,375,500,153
33,000154.jpg,333,500,154
34,000159.jpg,333,500,159
35,000161.jpg,390,500,161
36,000162.jpg,375,500,162
37,000163.jpg,432,500,163
38,000164.jpg,375,500,164
39,000171.jpg,500,375,171
40,000173.jpg,480,394,173
41,000174.jpg,333,500,174
42,000187.jpg,375,500,187
43,000189.jpg,375,500,189
44,000192.jpg,375,500,192
45,000193.jpg,375,500,193
46,000194.jpg,224,320,194
47,000198.jpg,335,500,198
48,000200.jpg,249,500,200
49,000207.jpg,500,334,207
50,000209.jpg,375,500,209
51,000219.jpg,500,333,219
52,000220.jpg,375,500,220
53,000222.jpg,375,500,222
54,000225.jpg,333,500,225
55,000228.jpg,333,500,228
56,000235.jpg,375,500,235
57,000242.jpg,333,500,242
58,000250.jpg,375,500,250
59,000256.jpg,343,500,256
60,000259.jpg,362,500,259
61,000262.jpg,196,500,262
62,000263.jpg,500,375,263
63,000276.jpg,500,375,276
64,000278.jpg,375,500,278
65,000282.jpg,374,500,282
66,000288.jpg,333,500,288
67,000294.jpg,375,500,294
68,000296.jpg,348,500,296
69,000306.jpg,176,500,306
70,000307.jpg,375,500,307
71,000311.jpg,375,500,311
72,000312.jpg,335,500,312
73,000317.jpg,354,500,317
74,000320.jpg,500,375,320
75,000325.jpg,375,500,325
76,000331.jpg,500,375,331
77,000334.jpg,302,500,334
78,000337.jpg,375,500,337
79,000344.jpg,500,375,344
80,000347.jpg,357,466,347
81,000349.jpg,375,500,349
82,000355.jpg,333,500,355
83,000359.jpg,500,432,359
84,000367.jpg,375,500,367
85,000370.jpg,374,500,370
86,000372.jpg,334,500,372
87,000379.jpg,375,500,379
88,000382.jpg,500,375,382
89,000387.jpg,333,500,387
90,000391.jpg,458,500,391
91,000394.jpg,375,500,394
92,000395.jpg,322,500,395
93,000400.jpg,500,375,400
94,000404.jpg,333,500,404
95,000406.jpg,375,500,406
96,000407.jpg,360,480,407
97,000411.jpg,320,240,411
98,000416.jpg,375,500,416
99,000430.jpg,375,500,430
100,000431.jpg,375,500,431
101,000438.jpg,332,500,438
102,000446.jpg,500,332,446
103,000450.jpg,500,375,450
104,000454.jpg,297,500,454
105,000463.jpg,175,500,463
106,000468.jpg,500,333,468
107,000469.jpg,375,500,469
108,000470.jpg,375,500,470
109,000474.jpg,375,500,474
110,000476.jpg,375,500,476
111,000477.jpg,333,500,477
112,000484.jpg,375,500,484
113,000489.jpg,375,500,489
114,000496.jpg,375,500,496
115,000503.jpg,375,500,503
116,000508.jpg,375,500,508
117,000516.jpg,375,500,516
118,000518.jpg,333,500,518
119,000519.jpg,375,500,519
120,000522.jpg,375,500,522
121,000524.jpg,322,500,524
122,000525.jpg,331,500,525
123,000526.jpg,333,500,526
124,000528.jpg,375,500,528
125,000535.jpg,374,500,535
126,000537.jpg,400,500,537
127,000541.jpg,333,500,541
128,000544.jpg,333,500,544
129,000549.jpg,500,375,549
130,000550.jpg,375,500,550
131,000552.jpg,331,500,552
132,000554.jpg,375,500,554
133,000555.jpg,375,500,555
134,000559.jpg,370,500,559
135,000565.jpg,375,500,565
136,000577.jpg,333,500,577
137,000583.jpg,276,500,583
138,000589.jpg,375,500,589
139,000590.jpg,337,500,590
140,000592.jpg,375,500,592
141,000597.jpg,375,500,597
142,000605.jpg,375,500,605
143,000609.jpg,375,500,609
144,000612.jpg,500,375,612
145,000620.jpg,344,500,620
146,000622.jpg,375,500,622
147,000625.jpg,375,500,625
148,000632.jpg,375,500,632
149,000633.jpg,375,500,633
150,000635.jpg,375,500,635
151,000648.jpg,333,500,648
152,000654.jpg,333,500,654
153,000657.jpg,333,500,657
154,000671.jpg,500,326,671
155,000672.jpg,375,500,672
156,000680.jpg,375,500,680
157,000685.jpg,375,500,685
158,000688.jpg,317,500,688
159,000689.jpg,353,500,689
160,000695.jpg,375,500,695
161,000699.jpg,381,500,699
162,000700.jpg,333,500,700
163,000709.jpg,377,500,709
164,000710.jpg,500,375,710
165,000711.jpg,375,500,711
166,000726.jpg,333,500,726
167,000729.jpg,500,375,729
168,000731.jpg,500,329,731
169,000733.jpg,435,450,733
170,000739.jpg,374,500,739
171,000740.jpg,375,500,740
172,000753.jpg,375,500,753
173,000754.jpg,261,500,754
174,000761.jpg,375,500,761
175,000764.jpg,332,500,764
176,000767.jpg,375,500,767
177,000768.jpg,375,500,768
178,000770.jpg,375,500,770
179,000774.jpg,313,500,774
180,000793.jpg,375,500,793
181,000796.jpg,375,500,796
182,000804.jpg,500,333,804
183,000805.jpg,500,375,805
184,000810.jpg,375,500,810
185,000812.jpg,333,500,812
186,000818.jpg,287,500,818
187,000820.jpg,375,500,820
188,000822.jpg,374,500,822
189,000823.jpg,334,500,823
190,000827.jpg,333,500,827
191,000828.jpg,500,375,828
192,000829.jpg,375,500,829
193,000830.jpg,375,500,830
194,000845.jpg,335,500,845
195,000849.jpg,368,200,849
196,000850.jpg,375,500,850
197,000851.jpg,375,500,851
198,000859.jpg,333,500,859
199,000860.jpg,353,500,860
200,000865.jpg,375,500,865
201,000867.jpg,500,375,867
202,000871.jpg,375,500,871
203,000887.jpg,320,500,887
204,000888.jpg,347,500,888
205,000889.jpg,500,374,889
206,000892.jpg,375,500,892
207,000898.jpg,375,500,898
208,000899.jpg,333,500,899
209,000900.jpg,375,500,900
210,000902.jpg,399,500,902
211,000904.jpg,375,500,904
212,000906.jpg,375,500,906
213,000908.jpg,375,500,908
214,000912.jpg,334,500,912
215,000915.jpg,375,500,915
216,000919.jpg,331,500,919
217,000929.jpg,375,500,929
218,000936.jpg,334,500,936
219,000943.jpg,375,500,943
220,000950.jpg,331,500,950
221,000951.jpg,375,500,951
222,000954.jpg,332,500,954
223,000958.jpg,300,400,958
224,000962.jpg,375,500,962
225,000964.jpg,333,500,964
226,000965.jpg,500,375,965
227,000966.jpg,353,500,966
228,000967.jpg,375,500,967
229,000977.jpg,333,500,977
230,000980.jpg,333,500,980
231,000987.jpg,447,500,987
232,000989.jpg,333,500,989
233,000991.jpg,480,318,991
234,000993.jpg,493,500,993
235,000996.jpg,375,500,996
236,000997.jpg,375,500,997
237,000999.jpg,500,375,999
238,001001.jpg,375,500,1001
239,001002.jpg,500,375,1002
240,001008.jpg,375,500,1008
241,001010.jpg,375,500,1010
242,001011.jpg,375,500,1011
243,001014.jpg,375,500,1014
244,001015.jpg,333,500,1015
245,001024.jpg,375,500,1024
246,001036.jpg,375,500,1036
247,001043.jpg,333,500,1043
248,001050.jpg,375,500,1050
249,001057.jpg,335,500,1057
250,001060.jpg,378,500,1060
251,001064.jpg,216,320,1064
252,001068.jpg,332,500,1068
253,001071.jpg,500,332,1071
254,001073.jpg,375,500,1073
255,001077.jpg,375,500,1077
256,001078.jpg,375,500,1078
257,001079.jpg,375,500,1079
258,001082.jpg,375,500,1082
259,001101.jpg,333,500,1101
260,001106.jpg,375,500,1106
261,001112.jpg,335,500,1112
262,001113.jpg,375,500,1113
263,001119.jpg,333,500,1119
264,001127.jpg,375,500,1127
265,001129.jpg,270,500,1129
266,001130.jpg,375,500,1130
267,001140.jpg,500,375,1140
268,001147.jpg,333,500,1147
269,001151.jpg,331,500,1151
270,001152.jpg,336,448,1152
271,001156.jpg,399,500,1156
272,001158.jpg,375,500,1158
273,001168.jpg,375,500,1168
274,001171.jpg,331,500,1171
275,001172.jpg,187,500,1172
276,001174.jpg,375,500,1174
277,001182.jpg,375,500,1182
278,001191.jpg,375,500,1191
279,001194.jpg,375,500,1194
280,001204.jpg,375,500,1204
281,001205.jpg,335,500,1205
282,001207.jpg,375,500,1207
283,001209.jpg,375,500,1209
284,001212.jpg,375,500,1212
285,001214.jpg,375,500,1214
286,001226.jpg,333,500,1226
287,001229.jpg,375,500,1229
288,001230.jpg,399,500,1230
289,001234.jpg,500,260,1234
290,001237.jpg,375,500,1237
291,001239.jpg,375,500,1239
292,001240.jpg,375,500,1240
293,001248.jpg,375,500,1248
294,001258.jpg,375,500,1258
295,001263.jpg,375,500,1263
296,001268.jpg,333,500,1268
297,001269.jpg,333,500,1269
298,001270.jpg,357,500,1270
299,001273.jpg,500,440,1273
300,001279.jpg,500,375,1279
301,001287.jpg,401,500,1287
302,001294.jpg,375,500,1294
303,001299.jpg,500,429,1299
304,001304.jpg,500,333,1304
305,001309.jpg,500,348,1309
306,001312.jpg,375,500,1312
307,001314.jpg,333,500,1314
308,001315.jpg,400,300,1315
309,001323.jpg,375,500,1323
310,001325.jpg,379,500,1325
311,001326.jpg,375,500,1326
312,001327.jpg,500,375,1327
313,001332.jpg,500,375,1332
314,001333.jpg,375,500,1333
315,001334.jpg,375,500,1334
316,001345.jpg,375,500,1345
317,001346.jpg,229,500,1346
318,001348.jpg,333,500,1348
319,001364.jpg,333,500,1364
320,001365.jpg,331,500,1365
321,001378.jpg,500,383,1378
322,001384.jpg,375,500,1384
323,001385.jpg,332,500,1385
324,001388.jpg,414,500,1388
325,001390.jpg,333,500,1390
326,001393.jpg,375,500,1393
327,001395.jpg,375,500,1395
328,001402.jpg,375,500,1402
329,001404.jpg,375,500,1404
330,001405.jpg,500,332,1405
331,001406.jpg,375,500,1406
332,001408.jpg,500,333,1408
333,001409.jpg,333,500,1409
334,001414.jpg,375,500,1414
335,001418.jpg,480,405,1418
336,001420.jpg,332,500,1420
337,001421.jpg,500,375,1421
338,001426.jpg,500,333,1426
339,001427.jpg,500,369,1427
340,001434.jpg,332,500,1434
341,001436.jpg,335,500,1436
342,001442.jpg,333,500,1442
343,001450.jpg,331,500,1450
344,001451.jpg,334,500,1451
345,001453.jpg,375,500,1453
346,001455.jpg,374,500,1455
347,001457.jpg,375,500,1457
348,001468.jpg,267,400,1468
349,001470.jpg,375,500,1470
350,001479.jpg,375,500,1479
351,001480.jpg,376,500,1480
352,001483.jpg,333,500,1483
353,001485.jpg,333,500,1485
354,001486.jpg,375,500,1486
355,001488.jpg,333,500,1488
356,001492.jpg,334,500,1492
357,001494.jpg,375,500,1494
358,001498.jpg,500,375,1498
359,001499.jpg,375,500,1499
360,001501.jpg,374,500,1501
361,001504.jpg,500,375,1504
362,001512.jpg,333,500,1512
363,001515.jpg,500,409,1515
364,001517.jpg,375,500,1517
365,001521.jpg,500,375,1521
366,001524.jpg,370,500,1524
367,001526.jpg,298,500,1526
368,001528.jpg,500,383,1528
369,001529.jpg,375,500,1529
370,001532.jpg,340,425,1532
371,001539.jpg,375,500,1539
372,001548.jpg,375,500,1548
373,001555.jpg,375,500,1555
374,001556.jpg,332,500,1556
375,001557.jpg,139,500,1557
376,001559.jpg,480,360,1559
377,001563.jpg,333,500,1563
378,001576.jpg,375,500,1576
379,001579.jpg,500,375,1579
380,001580.jpg,375,500,1580
381,001586.jpg,398,480,1586
382,001590.jpg,500,375,1590
383,001593.jpg,500,423,1593
384,001594.jpg,333,500,1594
385,001597.jpg,375,500,1597
386,001604.jpg,375,500,1604
387,001607.jpg,375,500,1607
388,001610.jpg,375,500,1610
389,001611.jpg,500,495,1611
390,001612.jpg,333,500,1612
391,001622.jpg,500,375,1622
392,001627.jpg,500,375,1627
393,001630.jpg,500,375,1630
394,001633.jpg,375,500,1633
395,001636.jpg,375,500,1636
396,001643.jpg,333,500,1643
397,001649.jpg,500,444,1649
398,001650.jpg,333,500,1650
399,001651.jpg,500,375,1651
400,001654.jpg,375,500,1654
401,001661.jpg,375,500,1661
402,001662.jpg,375,500,1662
403,001669.jpg,500,375,1669
404,001673.jpg,375,500,1673
405,001676.jpg,236,500,1676
406,001680.jpg,500,375,1680
407,001683.jpg,375,500,1683
408,001684.jpg,422,500,1684
409,001688.jpg,375,500,1688
410,001690.jpg,332,500,1690
411,001699.jpg,332,500,1699
412,001707.jpg,500,426,1707
413,001708.jpg,369,500,1708
414,001711.jpg,375,500,1711
415,001713.jpg,435,500,1713
416,001714.jpg,500,332,1714
417,001717.jpg,404,500,1717
418,001721.jpg,341,500,1721
419,001723.jpg,500,333,1723
420,001729.jpg,333,500,1729
421,001732.jpg,332,500,1732
422,001733.jpg,500,500,1733
423,001734.jpg,375,500,1734
424,001738.jpg,375,500,1738
425,001739.jpg,500,333,1739
426,001741.jpg,254,400,1741
427,001750.jpg,333,500,1750
428,001752.jpg,500,375,1752
429,001754.jpg,500,375,1754
430,001758.jpg,500,374,1758
431,001759.jpg,375,500,1759
432,001761.jpg,333,500,1761
433,001765.jpg,375,500,1765
434,001766.jpg,375,500,1766
435,001768.jpg,500,375,1768
436,001777.jpg,334,500,1777
437,001780.jpg,333,500,1780
438,001787.jpg,375,500,1787
439,001789.jpg,375,500,1789
440,001800.jpg,500,375,1800
441,001806.jpg,500,328,1806
442,001809.jpg,500,436,1809
443,001810.jpg,375,500,1810
444,001821.jpg,375,500,1821
445,001825.jpg,375,500,1825
446,001828.jpg,500,333,1828
447,001832.jpg,375,500,1832
448,001834.jpg,334,500,1834
449,001836.jpg,375,500,1836
450,001840.jpg,375,500,1840
451,001841.jpg,500,375,1841
452,001843.jpg,375,500,1843
453,001845.jpg,375,500,1845
454,001853.jpg,375,500,1853
455,001854.jpg,499,333,1854
456,001858.jpg,333,500,1858
457,001861.jpg,363,500,1861
458,001864.jpg,375,500,1864
459,001870.jpg,400,400,1870
460,001881.jpg,375,500,1881
461,001892.jpg,375,500,1892
462,001894.jpg,375,500,1894
463,001896.jpg,375,500,1896
464,001898.jpg,500,374,1898
465,001902.jpg,375,500,1902
466,001903.jpg,333,500,1903
467,001904.jpg,335,500,1904
468,001906.jpg,301,500,1906
469,001915.jpg,375,500,1915
470,001922.jpg,400,500,1922
471,001928.jpg,500,500,1928
472,001930.jpg,346,500,1930
473,001937.jpg,500,375,1937
474,001938.jpg,375,500,1938
475,001941.jpg,375,500,1941
476,001945.jpg,480,318,1945
477,001950.jpg,375,500,1950
478,001952.jpg,397,500,1952
479,001954.jpg,375,500,1954
480,001960.jpg,500,329,1960
481,001963.jpg,375,500,1963
482,001971.jpg,375,500,1971
483,001977.jpg,310,500,1977
484,001978.jpg,334,500,1978
485,001980.jpg,375,500,1980
486,001981.jpg,375,500,1981
487,001985.jpg,500,333,1985
488,001989.jpg,375,500,1989
489,001995.jpg,500,375,1995
490,001999.jpg,375,500,1999
491,002001.jpg,375,500,2001
492,002002.jpg,375,500,2002
493,002004.jpg,500,375,2004
494,002006.jpg,375,500,2006
495,002012.jpg,500,375,2012
496,002015.jpg,375,500,2015
497,002020.jpg,333,500,2020
498,002025.jpg,500,375,2025
499,002027.jpg,375,500,2027
500,002034.jpg,288,500,2034
501,002037.jpg,375,500,2037
502,002039.jpg,332,500,2039
503,002042.jpg,360,480,2042
504,002043.jpg,500,454,2043
505,002047.jpg,375,500,2047
506,002049.jpg,315,500,2049
507,002051.jpg,500,333,2051
508,002055.jpg,375,500,2055
509,002056.jpg,500,375,2056
510,002061.jpg,375,500,2061
511,002068.jpg,335,500,2068
512,002069.jpg,375,500,2069
513,002095.jpg,383,293,2095
514,002096.jpg,500,334,2096
515,002104.jpg,332,500,2104
516,002108.jpg,375,500,2108
517,002116.jpg,375,500,2116
518,002117.jpg,500,375,2117
519,002120.jpg,335,500,2120
520,002126.jpg,375,500,2126
521,002132.jpg,375,500,2132
522,002134.jpg,375,500,2134
523,002139.jpg,500,400,2139
524,002151.jpg,500,375,2151
525,002153.jpg,375,500,2153
526,002155.jpg,333,500,2155
527,002156.jpg,375,500,2156
528,002158.jpg,300,500,2158
529,002166.jpg,337,500,2166
530,002170.jpg,375,500,2170
531,002172.jpg,375,500,2172
532,002176.jpg,404,500,2176
533,002178.jpg,375,500,2178
534,002179.jpg,375,500,2179
535,002180.jpg,375,500,2180
536,002182.jpg,333,500,2182
537,002186.jpg,375,500,2186
538,002187.jpg,332,500,2187
539,002191.jpg,375,500,2191
540,002192.jpg,375,500,2192
541,002193.jpg,375,500,2193
542,002194.jpg,333,500,2194
543,002196.jpg,500,375,2196
544,002197.jpg,375,500,2197
545,002199.jpg,372,500,2199
546,002208.jpg,375,500,2208
547,002212.jpg,334,500,2212
548,002215.jpg,261,500,2215
549,002219.jpg,375,500,2219
550,002221.jpg,500,375,2221
551,002224.jpg,375,500,2224
552,002234.jpg,375,500,2234
553,002237.jpg,375,500,2237
554,002238.jpg,327,500,2238
555,002241.jpg,379,500,2241
556,002247.jpg,500,375,2247
557,002249.jpg,332,500,2249
558,002253.jpg,385,500,2253
559,002255.jpg,336,392,2255
560,002256.jpg,375,500,2256
561,002260.jpg,330,500,2260
562,002265.jpg,500,333,2265
563,002277.jpg,500,383,2277
564,002279.jpg,333,500,2279
565,002280.jpg,351,500,2280
566,002284.jpg,500,375,2284
567,002287.jpg,375,500,2287
568,002291.jpg,433,500,2291
569,002293.jpg,500,332,2293
570,002306.jpg,360,270,2306
571,002307.jpg,333,500,2307
572,002310.jpg,333,500,2310
573,002311.jpg,375,500,2311
574,002315.jpg,333,500,2315
575,002318.jpg,375,500,2318
576,002320.jpg,335,500,2320
577,002321.jpg,500,335,2321
578,002323.jpg,375,500,2323
579,002334.jpg,375,500,2334
580,002335.jpg,375,500,2335
581,002342.jpg,500,376,2342
582,002347.jpg,375,500,2347
583,002350.jpg,500,375,2350
584,002354.jpg,375,500,2354
585,002355.jpg,375,500,2355
586,002359.jpg,375,500,2359
587,002362.jpg,375,500,2362
588,002368.jpg,500,333,2368
589,002373.jpg,332,500,2373
590,002384.jpg,375,500,2384
591,002392.jpg,375,500,2392
592,002401.jpg,500,333,2401
593,002403.jpg,375,500,2403
594,002405.jpg,431,500,2405
595,002410.jpg,375,500,2410
596,002411.jpg,375,500,2411
597,002413.jpg,500,375,2413
598,002419.jpg,344,500,2419
599,002420.jpg,333,500,2420
600,002423.jpg,361,500,2423
601,002433.jpg,375,500,2433
602,002436.jpg,375,500,2436
603,002439.jpg,375,500,2439
604,002442.jpg,500,375,2442
605,002443.jpg,500,333,2443
606,002445.jpg,500,360,2445
607,002448.jpg,480,412,2448
608,002458.jpg,375,500,2458
609,002461.jpg,375,500,2461
610,002465.jpg,375,500,2465
611,002466.jpg,333,500,2466
612,002468.jpg,358,500,2468
613,002471.jpg,375,500,2471
614,002472.jpg,375,500,2472
615,002478.jpg,375,500,2478
616,002480.jpg,375,500,2480
617,002481.jpg,500,334,2481
618,002483.jpg,375,500,2483
619,002490.jpg,375,500,2490
620,002494.jpg,375,500,2494
621,002496.jpg,404,500,2496
622,002500.jpg,500,375,2500
623,002501.jpg,375,500,2501
624,002502.jpg,500,335,2502
625,002512.jpg,375,500,2512
626,002514.jpg,333,500,2514
627,002518.jpg,332,500,2518
628,002519.jpg,375,500,2519
629,002533.jpg,375,500,2533
630,002534.jpg,333,500,2534
631,002539.jpg,333,500,2539
632,002544.jpg,375,500,2544
633,002545.jpg,500,375,2545
634,002547.jpg,375,500,2547
635,002554.jpg,332,500,2554
636,002555.jpg,375,500,2555
637,002558.jpg,375,500,2558
638,002559.jpg,375,500,2559
639,002564.jpg,333,500,2564
640,002569.jpg,500,378,2569
641,002571.jpg,333,500,2571
642,002572.jpg,333,500,2572
643,002579.jpg,500,384,2579
644,002590.jpg,500,375,2590
645,002594.jpg,235,500,2594
646,002595.jpg,375,500,2595
647,002599.jpg,375,500,2599
648,002603.jpg,375,500,2603
649,002609.jpg,342,500,2609
650,002611.jpg,375,500,2611
651,002625.jpg,375,500,2625
652,002627.jpg,500,375,2627
653,002634.jpg,339,500,2634
654,002635.jpg,334,500,2635
655,002645.jpg,332,500,2645
656,002647.jpg,333,500,2647
657,002648.jpg,375,500,2648
658,002653.jpg,375,500,2653
659,002662.jpg,378,500,2662
660,002664.jpg,335,500,2664
661,002666.jpg,500,334,2666
662,002669.jpg,375,500,2669
663,002680.jpg,334,500,2680
664,002682.jpg,375,500,2682
665,002683.jpg,375,500,2683
666,002684.jpg,500,447,2684
667,002691.jpg,375,500,2691
668,002697.jpg,498,480,2697
669,002702.jpg,500,333,2702
670,002704.jpg,500,334,2704
671,002710.jpg,331,500,2710
672,002713.jpg,500,375,2713
673,002715.jpg,375,500,2715
674,002722.jpg,375,500,2722
675,002730.jpg,333,500,2730
676,002735.jpg,480,423,2735
677,002737.jpg,335,500,2737
678,002738.jpg,281,500,2738
679,002744.jpg,378,500,2744
680,002745.jpg,500,375,2745
681,002749.jpg,375,500,2749
682,002755.jpg,375,500,2755
683,002757.jpg,381,500,2757
684,002759.jpg,374,500,2759
685,002763.jpg,375,500,2763
686,002765.jpg,332,500,2765
687,002766.jpg,375,500,2766
688,002774.jpg,375,500,2774
689,002778.jpg,375,500,2778
690,002779.jpg,331,500,2779
691,002782.jpg,333,500,2782
692,002783.jpg,375,500,2783
693,002791.jpg,319,500,2791
694,002795.jpg,375,500,2795
695,002796.jpg,500,332,2796
696,002801.jpg,375,500,2801
697,002804.jpg,375,500,2804
698,002807.jpg,500,471,2807
699,002816.jpg,375,500,2816
700,002817.jpg,375,500,2817
701,002820.jpg,371,500,2820
702,002826.jpg,500,333,2826
703,002834.jpg,488,500,2834
704,002841.jpg,500,375,2841
705,002844.jpg,325,500,2844
706,002845.jpg,500,375,2845
707,002848.jpg,96,500,2848
708,002855.jpg,375,500,2855
709,002858.jpg,500,333,2858
710,002864.jpg,375,500,2864
711,002866.jpg,375,500,2866
712,002867.jpg,500,374,2867
713,002868.jpg,375,500,2868
714,002869.jpg,333,500,2869
715,002870.jpg,333,500,2870
716,002873.jpg,375,500,2873
717,002881.jpg,500,500,2881
718,002899.jpg,500,375,2899
719,002906.jpg,500,375,2906
720,002914.jpg,375,500,2914
721,002919.jpg,375,500,2919
722,002931.jpg,375,500,2931
723,002934.jpg,500,393,2934
724,002937.jpg,333,500,2937
725,002939.jpg,375,500,2939
726,002953.jpg,370,500,2953
727,002956.jpg,375,500,2956
728,002957.jpg,375,500,2957
729,002958.jpg,333,500,2958
730,002962.jpg,334,500,2962
731,002969.jpg,375,500,2969
732,002975.jpg,285,500,2975
733,002976.jpg,500,251,2976
734,002987.jpg,334,500,2987
735,002988.jpg,375,500,2988
736,002989.jpg,333,500,2989
737,002990.jpg,375,500,2990
738,002992.jpg,500,333,2992
739,002995.jpg,500,408,2995
740,003002.jpg,500,375,3002
741,003003.jpg,375,500,3003
742,003007.jpg,332,500,3007
743,003011.jpg,375,500,3011
744,003013.jpg,375,500,3013
745,003024.jpg,208,500,3024
746,003027.jpg,318,480,3027
747,003034.jpg,375,500,3034
748,003042.jpg,375,500,3042
749,003047.jpg,377,500,3047
750,003051.jpg,333,500,3051
751,003053.jpg,333,500,3053
752,003061.jpg,333,500,3061
753,003063.jpg,500,375,3063
754,003066.jpg,426,500,3066
755,003074.jpg,333,500,3074
756,003077.jpg,332,500,3077
757,003083.jpg,500,375,3083
758,003085.jpg,376,500,3085
759,003088.jpg,375,500,3088
760,003092.jpg,334,500,3092
761,003100.jpg,375,400,3100
762,003103.jpg,226,361,3103
763,003105.jpg,333,500,3105
764,003106.jpg,375,500,3106
765,003107.jpg,500,332,3107
766,003108.jpg,375,500,3108
767,003110.jpg,358,500,3110
768,003116.jpg,400,500,3116
769,003122.jpg,375,500,3122
770,003124.jpg,375,500,3124
771,003133.jpg,333,500,3133
772,003134.jpg,366,500,3134
773,003135.jpg,375,500,3135
774,003138.jpg,375,500,3138
775,003140.jpg,335,500,3140
776,003145.jpg,375,500,3145
777,003146.jpg,375,500,3146
778,003147.jpg,332,500,3147
779,003149.jpg,375,500,3149
780,003150.jpg,375,500,3150
781,003155.jpg,500,333,3155
782,003157.jpg,500,375,3157
783,003159.jpg,360,480,3159
784,003161.jpg,328,500,3161
785,003163.jpg,295,500,3163
786,003165.jpg,355,323,3165
787,003169.jpg,375,500,3169
788,003175.jpg,500,333,3175
789,003181.jpg,375,500,3181
790,003183.jpg,375,500,3183
791,003184.jpg,375,500,3184
792,003185.jpg,375,500,3185
793,003188.jpg,375,500,3188
794,003202.jpg,375,500,3202
795,003204.jpg,375,500,3204
796,003205.jpg,500,333,3205
797,003211.jpg,375,500,3211
798,003214.jpg,375,500,3214
799,003229.jpg,375,500,3229
800,003231.jpg,500,375,3231
801,003233.jpg,375,500,3233
802,003236.jpg,375,500,3236
803,003240.jpg,500,374,3240
804,003242.jpg,375,500,3242
805,003244.jpg,375,500,3244
806,003247.jpg,375,500,3247
807,003253.jpg,430,500,3253
808,003254.jpg,375,500,3254
809,003259.jpg,333,500,3259
810,003260.jpg,500,326,3260
811,003261.jpg,375,500,3261
812,003269.jpg,375,500,3269
813,003270.jpg,333,500,3270
814,003273.jpg,500,375,3273
815,003279.jpg,400,500,3279
816,003280.jpg,333,500,3280
817,003282.jpg,500,334,3282
818,003284.jpg,375,500,3284
819,003290.jpg,332,500,3290
820,003292.jpg,240,360,3292
821,003303.jpg,500,332,3303
822,003308.jpg,500,375,3308
823,003320.jpg,333,500,3320
824,003330.jpg,333,500,3330
825,003331.jpg,333,500,3331
826,003336.jpg,375,500,3336
827,003337.jpg,375,500,3337
828,003338.jpg,329,500,3338
829,003339.jpg,288,432,3339
830,003343.jpg,375,500,3343
831,003349.jpg,333,500,3349
832,003350.jpg,334,500,3350
833,003354.jpg,331,500,3354
834,003355.jpg,335,500,3355
835,003356.jpg,375,500,3356
836,003359.jpg,382,500,3359
837,003363.jpg,500,334,3363
838,003365.jpg,333,500,3365
839,003367.jpg,375,500,3367
840,003369.jpg,375,500,3369
841,003373.jpg,375,500,3373
842,003374.jpg,359,480,3374
843,003379.jpg,333,500,3379
844,003380.jpg,375,500,3380
845,003382.jpg,500,375,3382
846,003392.jpg,375,500,3392
847,003395.jpg,500,375,3395
848,003396.jpg,344,500,3396
849,003401.jpg,281,500,3401
850,003406.jpg,375,500,3406
851,003408.jpg,375,500,3408
852,003412.jpg,500,332,3412
853,003413.jpg,375,500,3413
854,003416.jpg,333,500,3416
855,003417.jpg,335,500,3417
856,003420.jpg,375,500,3420
857,003421.jpg,500,375,3421
858,003424.jpg,500,333,3424
859,003430.jpg,375,500,3430
860,003433.jpg,500,375,3433
861,003436.jpg,375,500,3436
862,003439.jpg,333,500,3439
863,003441.jpg,375,500,3441
864,003450.jpg,388,500,3450
865,003452.jpg,500,333,3452
866,003466.jpg,375,500,3466
867,003477.jpg,375,500,3477
868,003484.jpg,333,500,3484
869,003487.jpg,375,500,3487
870,003489.jpg,375,500,3489
871,003491.jpg,375,500,3491
872,003493.jpg,372,500,3493
873,003496.jpg,333,500,3496
874,003497.jpg,335,500,3497
875,003499.jpg,375,500,3499
876,003500.jpg,375,500,3500
877,003506.jpg,332,500,3506
878,003508.jpg,500,333,3508
879,003509.jpg,500,375,3509
880,003510.jpg,375,500,3510
881,003511.jpg,332,500,3511
882,003522.jpg,375,500,3522
883,003524.jpg,500,459,3524
884,003525.jpg,375,500,3525
885,003529.jpg,333,500,3529
886,003539.jpg,375,500,3539
887,003548.jpg,375,500,3548
888,003549.jpg,278,370,3549
889,003550.jpg,500,333,3550
890,003551.jpg,375,500,3551
891,003555.jpg,375,500,3555
892,003564.jpg,335,500,3564
893,003565.jpg,375,500,3565
894,003575.jpg,375,500,3575
895,003576.jpg,265,500,3576
896,003577.jpg,375,500,3577
897,003585.jpg,500,333,3585
898,003586.jpg,212,320,3586
899,003588.jpg,333,500,3588
900,003596.jpg,375,500,3596
901,003599.jpg,332,500,3599
902,003603.jpg,375,500,3603
903,003604.jpg,375,500,3604
904,003605.jpg,386,500,3605
905,003608.jpg,375,500,3608
906,003609.jpg,270,360,3609
907,003614.jpg,375,500,3614
908,003621.jpg,343,500,3621
909,003622.jpg,375,500,3622
910,003625.jpg,332,500,3625
911,003627.jpg,333,500,3627
912,003628.jpg,333,500,3628
913,003629.jpg,375,500,3629
914,003634.jpg,281,500,3634
915,003635.jpg,375,500,3635
916,003642.jpg,260,500,3642
917,003644.jpg,281,500,3644
918,003645.jpg,330,500,3645
919,003646.jpg,375,500,3646
920,003656.jpg,313,500,3656
921,003658.jpg,341,500,3658
922,003662.jpg,500,333,3662
923,003663.jpg,333,500,3663
924,003664.jpg,375,500,3664
925,003671.jpg,333,500,3671
926,003678.jpg,332,500,3678
927,003679.jpg,332,500,3679
928,003681.jpg,375,500,3681
929,003688.jpg,333,500,3688
930,003694.jpg,333,500,3694
931,003695.jpg,318,480,3695
932,003698.jpg,375,500,3698
933,003699.jpg,375,500,3699
934,003700.jpg,375,500,3700
935,003704.jpg,375,500,3704
936,003705.jpg,375,500,3705
937,003713.jpg,375,500,3713
938,003714.jpg,375,500,3714
939,003732.jpg,500,375,3732
940,003735.jpg,345,480,3735
941,003740.jpg,375,500,3740
942,003743.jpg,281,500,3743
943,003748.jpg,375,500,3748
944,003749.jpg,375,500,3749
945,003751.jpg,334,500,3751
946,003752.jpg,375,500,3752
947,003758.jpg,333,500,3758
948,003759.jpg,375,500,3759
949,003763.jpg,375,500,3763
950,003767.jpg,375,500,3767
951,003773.jpg,333,500,3773
952,003779.jpg,465,480,3779
953,003781.jpg,375,500,3781
954,003784.jpg,500,328,3784
955,003786.jpg,281,500,3786
956,003788.jpg,281,500,3788
957,003790.jpg,375,500,3790
958,003792.jpg,338,500,3792
959,003797.jpg,414,500,3797
960,003806.jpg,282,500,3806
961,003807.jpg,375,500,3807
962,003811.jpg,374,500,3811
963,003817.jpg,333,500,3817
964,003818.jpg,335,500,3818
965,003824.jpg,500,333,3824
966,003827.jpg,330,500,3827
967,003828.jpg,500,403,3828
968,003830.jpg,344,500,3830
969,003834.jpg,375,500,3834
970,003835.jpg,375,500,3835
971,003847.jpg,375,500,3847
972,003849.jpg,332,500,3849
973,003856.jpg,370,500,3856
974,003859.jpg,500,375,3859
975,003860.jpg,333,500,3860
976,003861.jpg,334,500,3861
977,003865.jpg,375,500,3865
978,003866.jpg,338,500,3866
979,003874.jpg,375,500,3874
980,003879.jpg,375,500,3879
981,003887.jpg,500,361,3887
982,003889.jpg,318,480,3889
983,003890.jpg,500,374,3890
984,003898.jpg,185,500,3898
985,003899.jpg,375,500,3899
986,003907.jpg,375,500,3907
987,003912.jpg,394,500,3912
988,003913.jpg,375,500,3913
989,003921.jpg,375,500,3921
990,003932.jpg,500,375,3932
991,003935.jpg,375,500,3935
992,003936.jpg,330,500,3936
993,003939.jpg,198,500,3939
994,003945.jpg,334,500,3945
995,003949.jpg,332,500,3949
996,003953.jpg,500,375,3953
997,003956.jpg,500,375,3956
998,003961.jpg,500,375,3961
999,003969.jpg,334,500,3969
1000,003970.jpg,480,318,3970
1001,003971.jpg,375,500,3971
1002,003974.jpg,380,500,3974
1003,003983.jpg,333,500,3983
1004,003987.jpg,500,333,3987
1005,003988.jpg,336,448,3988
1006,003991.jpg,389,500,3991
1007,003993.jpg,333,500,3993
1008,003997.jpg,322,500,3997
1009,003998.jpg,375,500,3998
1010,004005.jpg,373,500,4005
1011,004008.jpg,333,500,4008
1012,004009.jpg,366,500,4009
1013,004012.jpg,500,375,4012
1014,004013.jpg,423,500,4013
1015,004014.jpg,500,375,4014
1016,004016.jpg,375,500,4016
1017,004017.jpg,375,500,4017
1018,004019.jpg,375,500,4019
1019,004023.jpg,375,500,4023
1020,004028.jpg,375,500,4028
1021,004033.jpg,342,500,4033
1022,004034.jpg,500,375,4034
1023,004035.jpg,375,500,4035
1024,004037.jpg,500,338,4037
1025,004046.jpg,335,500,4046
1026,004052.jpg,319,500,4052
1027,004058.jpg,500,333,4058
1028,004067.jpg,331,500,4067
1029,004091.jpg,375,500,4091
1030,004092.jpg,375,500,4092
1031,004093.jpg,333,500,4093
1032,004095.jpg,334,500,4095
1033,004100.jpg,333,500,4100
1034,004106.jpg,375,500,4106
1035,004111.jpg,375,500,4111
1036,004120.jpg,333,500,4120
1037,004121.jpg,332,500,4121
1038,004129.jpg,375,500,4129
1039,004131.jpg,333,500,4131
1040,004133.jpg,334,500,4133
1041,004136.jpg,375,500,4136
1042,004137.jpg,375,500,4137
1043,004138.jpg,480,320,4138
1044,004140.jpg,375,500,4140
1045,004146.jpg,375,500,4146
1046,004149.jpg,375,500,4149
1047,004152.jpg,500,375,4152
1048,004158.jpg,333,500,4158
1049,004163.jpg,500,500,4163
1050,004164.jpg,375,500,4164
1051,004168.jpg,439,500,4168
1052,004169.jpg,500,333,4169
1053,004170.jpg,335,500,4170
1054,004171.jpg,500,446,4171
1055,004189.jpg,333,500,4189
1056,004190.jpg,375,500,4190
1057,004196.jpg,336,500,4196
1058,004200.jpg,270,375,4200
1059,004201.jpg,375,500,4201
1060,004209.jpg,375,500,4209
1061,004215.jpg,375,500,4215
1062,004220.jpg,333,500,4220
1063,004221.jpg,375,500,4221
1064,004223.jpg,327,500,4223
1065,004224.jpg,375,500,4224
1066,004228.jpg,294,500,4228
1067,004231.jpg,354,500,4231
1068,004232.jpg,263,500,4232
1069,004237.jpg,375,500,4237
1070,004241.jpg,375,500,4241
1071,004242.jpg,375,500,4242
1072,004244.jpg,375,500,4244
1073,004247.jpg,400,500,4247
1074,004253.jpg,375,500,4253
1075,004255.jpg,376,500,4255
1076,004256.jpg,323,500,4256
1077,004263.jpg,335,500,4263
1078,004269.jpg,332,500,4269
1079,004270.jpg,375,500,4270
1080,004271.jpg,500,432,4271
1081,004272.jpg,500,375,4272
1082,004273.jpg,375,500,4273
1083,004280.jpg,500,333,4280
1084,004281.jpg,375,500,4281
1085,004283.jpg,500,375,4283
1086,004287.jpg,400,500,4287
1087,004291.jpg,500,375,4291
1088,004292.jpg,500,374,4292
1089,004296.jpg,500,375,4296
1090,004300.jpg,375,500,4300
1091,004303.jpg,281,500,4303
1092,004307.jpg,332,500,4307
1093,004315.jpg,500,335,4315
1094,004318.jpg,500,375,4318
1095,004322.jpg,500,333,4322
1096,004325.jpg,500,390,4325
1097,004327.jpg,422,500,4327
1098,004333.jpg,375,500,4333
1099,004338.jpg,333,500,4338
1100,004339.jpg,500,332,4339
1101,004345.jpg,332,500,4345
1102,004347.jpg,333,500,4347
1103,004359.jpg,375,500,4359
1104,004360.jpg,500,333,4360
1105,004361.jpg,375,500,4361
1106,004365.jpg,374,500,4365
1107,004367.jpg,375,500,4367
1108,004370.jpg,333,500,4370
1109,004371.jpg,491,500,4371
1110,004372.jpg,332,500,4372
1111,004376.jpg,374,500,4376
1112,004379.jpg,375,500,4379
1113,004386.jpg,333,500,4386
1114,004387.jpg,375,500,4387
1115,004389.jpg,500,327,4389
1116,004391.jpg,333,500,4391
1117,004392.jpg,375,500,4392
1118,004404.jpg,375,500,4404
1119,004434.jpg,375,500,4434
1120,004436.jpg,500,332,4436
1121,004439.jpg,334,500,4439
1122,004441.jpg,500,374,4441
1123,004452.jpg,375,500,4452
1124,004470.jpg,375,500,4470
1125,004471.jpg,500,281,4471
1126,004479.jpg,375,500,4479
1127,004481.jpg,411,500,4481
1128,004484.jpg,375,500,4484
1129,004496.jpg,333,500,4496
1130,004500.jpg,360,480,4500
1131,004502.jpg,413,500,4502
1132,004508.jpg,334,500,4508
1133,004510.jpg,375,500,4510
1134,004514.jpg,375,500,4514
1135,004517.jpg,500,421,4517
1136,004519.jpg,375,500,4519
1137,004520.jpg,478,500,4520
1138,004524.jpg,375,500,4524
1139,004526.jpg,375,500,4526
1140,004537.jpg,388,500,4537
1141,004540.jpg,500,333,4540
1142,004544.jpg,334,500,4544
1143,004548.jpg,367,500,4548
1144,004549.jpg,375,500,4549
1145,004551.jpg,375,500,4551
1146,004553.jpg,334,500,4553
1147,004562.jpg,500,375,4562
1148,004563.jpg,333,500,4563
1149,004565.jpg,500,500,4565
1150,004566.jpg,375,500,4566
1151,004570.jpg,375,500,4570
1152,004571.jpg,323,500,4571
1153,004576.jpg,333,500,4576
1154,004579.jpg,372,500,4579
1155,004584.jpg,375,500,4584
1156,004587.jpg,500,333,4587
1157,004591.jpg,333,500,4591
1158,004595.jpg,375,500,4595
1159,004597.jpg,375,500,4597
1160,004604.jpg,375,500,4604
1161,004605.jpg,333,500,4605
1162,004607.jpg,375,500,4607
1163,004611.jpg,375,500,4611
1164,004612.jpg,332,500,4612
1165,004622.jpg,500,375,4622
1166,004623.jpg,378,500,4623
1167,004625.jpg,375,500,4625
1168,004627.jpg,375,500,4627
1169,004628.jpg,333,500,4628
1170,004631.jpg,500,375,4631
1171,004634.jpg,500,460,4634
1172,004636.jpg,280,500,4636
1173,004643.jpg,374,500,4643
1174,004644.jpg,333,500,4644
1175,004648.jpg,375,500,4648
1176,004651.jpg,375,500,4651
1177,004656.jpg,500,375,4656
1178,004671.jpg,500,317,4671
1179,004675.jpg,190,500,4675
1180,004679.jpg,375,500,4679
1181,004683.jpg,375,500,4683
1182,004685.jpg,500,333,4685
1183,004686.jpg,322,500,4686
1184,004687.jpg,375,500,4687
1185,004691.jpg,375,500,4691
1186,004693.jpg,333,500,4693
1187,004694.jpg,500,252,4694
1188,004701.jpg,375,500,4701
1189,004702.jpg,307,500,4702
1190,004705.jpg,330,500,4705
1191,004706.jpg,357,500,4706
1192,004710.jpg,331,500,4710
1193,004714.jpg,375,500,4714
1194,004715.jpg,375,500,4715
1195,004718.jpg,375,500,4718
1196,004723.jpg,375,500,4723
1197,004735.jpg,375,500,4735
1198,004737.jpg,333,500,4737
1199,004742.jpg,375,500,4742
1200,004743.jpg,375,500,4743
1201,004747.jpg,375,500,4747
1202,004748.jpg,375,500,4748
1203,004753.jpg,375,500,4753
1204,004754.jpg,500,375,4754
1205,004760.jpg,375,500,4760
1206,004773.jpg,500,375,4773
1207,004776.jpg,375,500,4776
1208,004779.jpg,375,500,4779
1209,004782.jpg,334,500,4782
1210,004783.jpg,334,500,4783
1211,004790.jpg,375,500,4790
1212,004792.jpg,500,375,4792
1213,004793.jpg,375,500,4793
1214,004794.jpg,329,500,4794
1215,004797.jpg,333,500,4797
1216,004799.jpg,500,341,4799
1217,004801.jpg,333,500,4801
1218,004808.jpg,375,500,4808
1219,004815.jpg,332,500,4815
1220,004823.jpg,375,500,4823
1221,004828.jpg,483,500,4828
1222,004830.jpg,333,500,4830
1223,004832.jpg,471,474,4832
1224,004836.jpg,446,500,4836
1225,004837.jpg,375,500,4837
1226,004841.jpg,375,500,4841
1227,004842.jpg,333,500,4842
1228,004846.jpg,338,500,4846
1229,004848.jpg,490,500,4848
1230,004849.jpg,500,336,4849
1231,004857.jpg,375,500,4857
1232,004869.jpg,500,350,4869
1233,004873.jpg,375,500,4873
1234,004876.jpg,248,500,4876
1235,004879.jpg,330,500,4879
1236,004882.jpg,333,500,4882
1237,004885.jpg,375,500,4885
1238,004897.jpg,333,500,4897
1239,004898.jpg,375,500,4898
1240,004902.jpg,375,500,4902
1241,004905.jpg,333,500,4905
1242,004907.jpg,333,500,4907
1243,004910.jpg,500,333,4910
1244,004911.jpg,375,500,4911
1245,004913.jpg,375,500,4913
1246,004929.jpg,375,500,4929
1247,004946.jpg,500,375,4946
1248,004951.jpg,375,500,4951
1249,004955.jpg,374,500,4955
1250,004958.jpg,333,500,4958
1251,004961.jpg,333,500,4961
1252,004962.jpg,333,500,4962
1253,004966.jpg,326,500,4966
1254,004968.jpg,500,329,4968
1255,004972.jpg,500,393,4972
1256,004973.jpg,375,500,4973
1257,004974.jpg,329,500,4974
1258,004976.jpg,338,500,4976
1259,004984.jpg,375,500,4984
1260,004987.jpg,500,307,4987
1261,004990.jpg,375,500,4990
1262,004991.jpg,375,500,4991
1263,004992.jpg,375,500,4992
1264,004995.jpg,500,332,4995
1265,005001.jpg,333,500,5001
1266,005004.jpg,333,500,5004
1267,005006.jpg,500,375,5006
1268,005007.jpg,375,500,5007
1269,005016.jpg,333,500,5016
1270,005018.jpg,331,500,5018
1271,005020.jpg,375,500,5020
1272,005023.jpg,500,394,5023
1273,005024.jpg,375,500,5024
1274,005026.jpg,375,500,5026
1275,005027.jpg,375,500,5027
1276,005029.jpg,335,500,5029
1277,005032.jpg,500,335,5032
1278,005033.jpg,379,500,5033
1279,005045.jpg,375,500,5045
1280,005047.jpg,252,500,5047
1281,005052.jpg,500,325,5052
1282,005057.jpg,335,500,5057
1283,005058.jpg,375,500,5058
1284,005061.jpg,375,500,5061
1285,005065.jpg,375,500,5065
1286,005068.jpg,500,375,5068
1287,005071.jpg,375,500,5071
1288,005073.jpg,375,500,5073
1289,005078.jpg,375,500,5078
1290,005084.jpg,375,500,5084
1291,005086.jpg,375,500,5086
1292,005090.jpg,352,500,5090
1293,005093.jpg,500,333,5093
1294,005094.jpg,375,500,5094
1295,005097.jpg,375,500,5097
1296,005101.jpg,500,375,5101
1297,005107.jpg,375,500,5107
1298,005108.jpg,281,500,5108
1299,005114.jpg,322,500,5114
1300,005121.jpg,333,500,5121
1301,005122.jpg,500,333,5122
1302,005124.jpg,324,500,5124
1303,005129.jpg,375,500,5129
1304,005130.jpg,500,500,5130
1305,005134.jpg,375,500,5134
1306,005138.jpg,445,500,5138
1307,005143.jpg,289,274,5143
1308,005153.jpg,375,500,5153
1309,005156.jpg,375,500,5156
1310,005168.jpg,333,500,5168
1311,005169.jpg,500,375,5169
1312,005171.jpg,313,500,5171
1313,005173.jpg,289,500,5173
1314,005177.jpg,500,377,5177
1315,005181.jpg,375,500,5181
1316,005183.jpg,500,375,5183
1317,005186.jpg,375,500,5186
1318,005189.jpg,405,500,5189
1319,005190.jpg,375,500,5190
1320,005191.jpg,375,500,5191
1321,005202.jpg,375,500,5202
1322,005203.jpg,375,500,5203
1323,005208.jpg,333,500,5208
1324,005215.jpg,375,500,5215
1325,005217.jpg,335,500,5217
1326,005219.jpg,333,500,5219
1327,005223.jpg,375,500,5223
1328,005231.jpg,375,500,5231
1329,005236.jpg,375,500,5236
1330,005244.jpg,375,500,5244
1331,005245.jpg,375,500,5245
1332,005246.jpg,387,500,5246
1333,005257.jpg,333,500,5257
1334,005258.jpg,375,500,5258
1335,005259.jpg,333,500,5259
1336,005260.jpg,235,500,5260
1337,005262.jpg,375,500,5262
1338,005269.jpg,395,500,5269
1339,005273.jpg,375,500,5273
1340,005283.jpg,375,500,5283
1341,005285.jpg,375,500,5285
1342,005288.jpg,375,500,5288
1343,005290.jpg,333,500,5290
1344,005292.jpg,376,500,5292
1345,005297.jpg,333,500,5297
1346,005303.jpg,500,378,5303
1347,005304.jpg,400,500,5304
1348,005307.jpg,375,500,5307
1349,005310.jpg,333,500,5310
1350,005311.jpg,332,500,5311
1351,005318.jpg,375,500,5318
1352,005327.jpg,375,500,5327
1353,005336.jpg,500,429,5336
1354,005337.jpg,223,500,5337
1355,005338.jpg,375,500,5338
1356,005344.jpg,500,334,5344
1357,005345.jpg,500,375,5345
1358,005351.jpg,375,500,5351
1359,005358.jpg,375,500,5358
1360,005360.jpg,335,500,5360
1361,005363.jpg,500,375,5363
1362,005368.jpg,500,334,5368
1363,005369.jpg,375,500,5369
1364,005373.jpg,333,500,5373
1365,005374.jpg,374,500,5374
1366,005387.jpg,375,500,5387
1367,005388.jpg,500,375,5388
1368,005389.jpg,244,432,5389
1369,005391.jpg,375,500,5391
1370,005396.jpg,475,500,5396
1371,005404.jpg,375,500,5404
1372,005405.jpg,500,375,5405
1373,005406.jpg,333,500,5406
1374,005408.jpg,300,400,5408
1375,005410.jpg,333,500,5410
1376,005413.jpg,500,375,5413
1377,005414.jpg,333,500,5414
1378,005417.jpg,375,500,5417
1379,005420.jpg,500,445,5420
1380,005424.jpg,500,326,5424
1381,005433.jpg,375,500,5433
1382,005440.jpg,335,500,5440
1383,005445.jpg,500,375,5445
1384,005448.jpg,331,500,5448
1385,005450.jpg,500,357,5450
1386,005451.jpg,500,375,5451
1387,005453.jpg,333,500,5453
1388,005455.jpg,293,383,5455
1389,005457.jpg,346,500,5457
1390,005467.jpg,375,500,5467
1391,005478.jpg,500,376,5478
1392,005483.jpg,285,450,5483
1393,005487.jpg,333,500,5487
1394,005489.jpg,333,500,5489
1395,005496.jpg,346,500,5496
1396,005499.jpg,333,500,5499
1397,005508.jpg,500,375,5508
1398,005509.jpg,335,500,5509
1399,005511.jpg,480,318,5511
1400,005514.jpg,375,500,5514
1401,005515.jpg,500,375,5515
1402,005519.jpg,489,500,5519
1403,005524.jpg,500,334,5524
1404,005526.jpg,375,500,5526
1405,005527.jpg,500,375,5527
1406,005536.jpg,343,500,5536
1407,005541.jpg,375,500,5541
1408,005542.jpg,375,500,5542
1409,005544.jpg,500,500,5544
1410,005547.jpg,375,500,5547
1411,005563.jpg,375,500,5563
1412,005566.jpg,375,500,5566
1413,005568.jpg,375,500,5568
1414,005574.jpg,375,500,5574
1415,005579.jpg,375,500,5579
1416,005582.jpg,375,500,5582
1417,005585.jpg,375,500,5585
1418,005591.jpg,375,500,5591
1419,005592.jpg,375,500,5592
1420,005599.jpg,500,347,5599
1421,005600.jpg,335,500,5600
1422,005601.jpg,382,500,5601
1423,005603.jpg,333,500,5603
1424,005605.jpg,375,500,5605
1425,005609.jpg,383,500,5609
1426,005611.jpg,369,480,5611
1427,005624.jpg,333,500,5624
1428,005625.jpg,375,500,5625
1429,005630.jpg,288,352,5630
1430,005631.jpg,500,375,5631
1431,005636.jpg,500,332,5636
1432,005637.jpg,332,500,5637
1433,005639.jpg,375,500,5639
1434,005644.jpg,375,500,5644
1435,005648.jpg,500,334,5648
1436,005654.jpg,372,500,5654
1437,005658.jpg,500,375,5658
1438,005668.jpg,375,500,5668
1439,005669.jpg,333,500,5669
1440,005680.jpg,375,500,5680
1441,005686.jpg,371,500,5686
1442,005695.jpg,500,375,5695
1443,005697.jpg,333,500,5697
1444,005699.jpg,375,500,5699
1445,005700.jpg,372,500,5700
1446,005704.jpg,375,500,5704
1447,005705.jpg,500,375,5705
1448,005710.jpg,333,500,5710
1449,005713.jpg,334,500,5713
1450,005715.jpg,375,500,5715
1451,005718.jpg,386,500,5718
1452,005728.jpg,322,500,5728
1453,005730.jpg,333,500,5730
1454,005731.jpg,375,500,5731
1455,005735.jpg,375,500,5735
1456,005738.jpg,375,500,5738
1457,005740.jpg,333,500,5740
1458,005742.jpg,335,500,5742
1459,005752.jpg,375,500,5752
1460,005756.jpg,375,500,5756
1461,005757.jpg,333,500,5757
1462,005764.jpg,500,375,5764
1463,005765.jpg,375,500,5765
1464,005769.jpg,394,500,5769
1465,005780.jpg,375,500,5780
1466,005782.jpg,333,500,5782
1467,005783.jpg,333,500,5783
1468,005784.jpg,442,500,5784
1469,005786.jpg,333,500,5786
1470,005789.jpg,375,500,5789
1471,005796.jpg,500,375,5796
1472,005803.jpg,375,500,5803
1473,005805.jpg,375,500,5805
1474,005806.jpg,375,500,5806
1475,005813.jpg,500,335,5813
1476,005814.jpg,375,500,5814
1477,005817.jpg,375,500,5817
1478,005821.jpg,375,500,5821
1479,005824.jpg,359,500,5824
1480,005826.jpg,375,500,5826
1481,005831.jpg,375,500,5831
1482,005836.jpg,500,333,5836
1483,005838.jpg,375,500,5838
1484,005840.jpg,500,493,5840
1485,005843.jpg,375,500,5843
1486,005850.jpg,375,500,5850
1487,005851.jpg,335,500,5851
1488,005859.jpg,375,500,5859
1489,005860.jpg,333,500,5860
1490,005861.jpg,338,500,5861
1491,005864.jpg,285,431,5864
1492,005867.jpg,375,500,5867
1493,005873.jpg,500,333,5873
1494,005881.jpg,371,500,5881
1495,005884.jpg,334,500,5884
1496,005885.jpg,375,500,5885
1497,005888.jpg,375,500,5888
1498,005889.jpg,375,500,5889
1499,005893.jpg,374,500,5893
1500,005895.jpg,375,500,5895
1501,005899.jpg,500,500,5899
1502,005901.jpg,375,500,5901
1503,005903.jpg,375,500,5903
1504,005905.jpg,283,360,5905
1505,005908.jpg,375,500,5908
1506,005909.jpg,375,500,5909
1507,005910.jpg,335,500,5910
1508,005911.jpg,375,500,5911
1509,005918.jpg,333,500,5918
1510,005920.jpg,375,500,5920
1511,005923.jpg,375,500,5923
1512,005930.jpg,290,500,5930
1513,005938.jpg,313,500,5938
1514,005947.jpg,333,500,5947
1515,005948.jpg,332,500,5948
1516,005951.jpg,375,500,5951
1517,005960.jpg,375,500,5960
1518,005961.jpg,500,375,5961
1519,005964.jpg,333,500,5964
1520,005971.jpg,333,500,5971
1521,005980.jpg,375,500,5980
1522,005983.jpg,375,500,5983
1523,005984.jpg,375,500,5984
1524,005990.jpg,375,500,5990
1525,005992.jpg,375,500,5992
1526,006004.jpg,500,333,6004
1527,006009.jpg,333,500,6009
1528,006011.jpg,375,500,6011
1529,006020.jpg,375,500,6020
1530,006023.jpg,375,500,6023
1531,006025.jpg,333,500,6025
1532,006030.jpg,375,500,6030
1533,006033.jpg,500,375,6033
1534,006038.jpg,332,500,6038
1535,006043.jpg,375,500,6043
1536,006061.jpg,375,500,6061
1537,006065.jpg,375,500,6065
1538,006066.jpg,333,500,6066
1539,006067.jpg,375,500,6067
1540,006070.jpg,500,500,6070
1541,006073.jpg,375,500,6073
1542,006074.jpg,345,500,6074
1543,006078.jpg,375,500,6078
1544,006079.jpg,375,500,6079
1545,006088.jpg,375,500,6088
1546,006091.jpg,334,500,6091
1547,006095.jpg,322,500,6095
1548,006096.jpg,375,500,6096
1549,006100.jpg,375,500,6100
1550,006103.jpg,375,500,6103
1551,006104.jpg,333,500,6104
1552,006105.jpg,500,343,6105
1553,006123.jpg,375,500,6123
1554,006128.jpg,323,500,6128
1555,006130.jpg,375,500,6130
1556,006131.jpg,375,500,6131
1557,006134.jpg,375,500,6134
1558,006135.jpg,332,500,6135
1559,006140.jpg,333,500,6140
1560,006141.jpg,500,375,6141
1561,006156.jpg,375,500,6156
1562,006158.jpg,375,500,6158
1563,006162.jpg,333,500,6162
1564,006166.jpg,419,500,6166
1565,006170.jpg,334,500,6170
1566,006171.jpg,375,500,6171
1567,006172.jpg,375,500,6172
1568,006174.jpg,375,500,6174
1569,006175.jpg,275,500,6175
1570,006176.jpg,481,500,6176
1571,006177.jpg,375,500,6177
1572,006179.jpg,333,500,6179
1573,006180.jpg,288,352,6180
1574,006181.jpg,375,500,6181
1575,006183.jpg,480,360,6183
1576,006187.jpg,500,375,6187
1577,006189.jpg,333,500,6189
1578,006196.jpg,375,500,6196
1579,006208.jpg,375,500,6208
1580,006210.jpg,375,500,6210
1581,006221.jpg,375,500,6221
1582,006223.jpg,333,500,6223
1583,006224.jpg,333,500,6224
1584,006225.jpg,375,500,6225
1585,006229.jpg,375,500,6229
1586,006230.jpg,375,500,6230
1587,006236.jpg,500,375,6236
1588,006238.jpg,333,500,6238
1589,006243.jpg,375,500,6243
1590,006247.jpg,375,500,6247
1591,006250.jpg,375,500,6250
1592,006251.jpg,375,500,6251
1593,006261.jpg,500,398,6261
1594,006262.jpg,332,500,6262
1595,006264.jpg,374,500,6264
1596,006267.jpg,335,500,6267
1597,006270.jpg,375,500,6270
1598,006272.jpg,500,355,6272
1599,006275.jpg,375,500,6275
1600,006279.jpg,375,500,6279
1601,006285.jpg,332,500,6285
1602,006289.jpg,500,497,6289
1603,006290.jpg,375,500,6290
1604,006291.jpg,374,500,6291
1605,006299.jpg,375,500,6299
1606,006304.jpg,333,500,6304
1607,006305.jpg,375,500,6305
1608,006320.jpg,333,500,6320
1609,006329.jpg,375,500,6329
1610,006341.jpg,500,375,6341
1611,006344.jpg,335,500,6344
1612,006349.jpg,334,500,6349
1613,006352.jpg,375,500,6352
1614,006353.jpg,375,500,6353
1615,006362.jpg,375,500,6362
1616,006363.jpg,500,335,6363
1617,006366.jpg,384,500,6366
1618,006367.jpg,333,500,6367
1619,006369.jpg,333,500,6369
1620,006371.jpg,375,500,6371
1621,006374.jpg,375,500,6374
1622,006375.jpg,375,500,6375
1623,006381.jpg,375,500,6381
1624,006382.jpg,332,500,6382
1625,006395.jpg,375,500,6395
1626,006400.jpg,335,500,6400
1627,006411.jpg,375,500,6411
1628,006417.jpg,375,500,6417
1629,006418.jpg,333,500,6418
1630,006419.jpg,500,333,6419
1631,006427.jpg,375,500,6427
1632,006429.jpg,500,332,6429
1633,006433.jpg,375,500,6433
1634,006434.jpg,375,500,6434
1635,006436.jpg,375,500,6436
1636,006438.jpg,332,500,6438
1637,006442.jpg,500,348,6442
1638,006447.jpg,233,310,6447
1639,006448.jpg,375,500,6448
1640,006455.jpg,212,320,6455
1641,006458.jpg,314,500,6458
1642,006459.jpg,375,500,6459
1643,006462.jpg,500,375,6462
1644,006466.jpg,375,500,6466
1645,006470.jpg,452,500,6470
1646,006472.jpg,400,500,6472
1647,006474.jpg,333,500,6474
1648,006475.jpg,500,361,6475
1649,006476.jpg,368,500,6476
1650,006482.jpg,375,500,6482
1651,006483.jpg,377,500,6483
1652,006486.jpg,375,500,6486
1653,006495.jpg,375,500,6495
1654,006499.jpg,333,500,6499
1655,006501.jpg,211,500,6501
1656,006503.jpg,375,500,6503
1657,006506.jpg,332,500,6506
1658,006515.jpg,375,500,6515
1659,006523.jpg,375,500,6523
1660,006524.jpg,97,500,6524
1661,006536.jpg,500,334,6536
1662,006547.jpg,500,333,6547
1663,006548.jpg,375,500,6548
1664,006549.jpg,500,375,6549
1665,006550.jpg,333,500,6550
1666,006551.jpg,375,500,6551
1667,006556.jpg,333,500,6556
1668,006560.jpg,375,500,6560
1669,006564.jpg,332,500,6564
1670,006569.jpg,229,500,6569
1671,006595.jpg,334,500,6595
1672,006597.jpg,384,500,6597
1673,006602.jpg,500,356,6602
1674,006605.jpg,375,500,6605
1675,006609.jpg,375,500,6609
1676,006610.jpg,375,500,6610
1677,006612.jpg,500,375,6612
1678,006622.jpg,332,500,6622
1679,006626.jpg,332,500,6626
1680,006627.jpg,333,500,6627
1681,006635.jpg,500,342,6635
1682,006636.jpg,375,500,6636
1683,006637.jpg,375,500,6637
1684,006638.jpg,400,500,6638
1685,006648.jpg,334,500,6648
1686,006652.jpg,332,500,6652
1687,006654.jpg,333,500,6654
1688,006658.jpg,375,500,6658
1689,006660.jpg,400,500,6660
1690,006674.jpg,500,332,6674
1691,006684.jpg,375,500,6684
1692,006689.jpg,374,500,6689
1693,006694.jpg,375,500,6694
1694,006695.jpg,375,500,6695
1695,006697.jpg,375,500,6697
1696,006698.jpg,375,500,6698
1697,006703.jpg,500,334,6703
1698,006704.jpg,375,500,6704
1699,006706.jpg,500,375,6706
1700,006707.jpg,375,500,6707
1701,006708.jpg,375,500,6708
1702,006714.jpg,500,375,6714
1703,006726.jpg,500,375,6726
1704,006727.jpg,375,500,6727
1705,006731.jpg,375,500,6731
1706,006734.jpg,375,500,6734
1707,006735.jpg,500,444,6735
1708,006736.jpg,375,500,6736
1709,006738.jpg,375,500,6738
1710,006740.jpg,375,500,6740
1711,006748.jpg,500,338,6748
1712,006753.jpg,500,332,6753
1713,006755.jpg,375,500,6755
1714,006766.jpg,375,500,6766
1715,006773.jpg,375,500,6773
1716,006777.jpg,500,352,6777
1717,006781.jpg,367,234,6781
1718,006782.jpg,500,333,6782
1719,006784.jpg,375,500,6784
1720,006794.jpg,333,500,6794
1721,006805.jpg,401,500,6805
1722,006806.jpg,375,500,6806
1723,006810.jpg,375,500,6810
1724,006822.jpg,500,400,6822
1725,006824.jpg,333,500,6824
1726,006825.jpg,333,500,6825
1727,006833.jpg,375,500,6833
1728,006836.jpg,480,469,6836
1729,006839.jpg,375,500,6839
1730,006840.jpg,333,500,6840
1731,006844.jpg,375,500,6844
1732,006845.jpg,375,500,6845
1733,006847.jpg,335,500,6847
1734,006848.jpg,333,500,6848
1735,006849.jpg,375,500,6849
1736,006852.jpg,281,500,6852
1737,006858.jpg,375,500,6858
1738,006864.jpg,334,500,6864
1739,006866.jpg,392,480,6866
1740,006868.jpg,375,500,6868
1741,006869.jpg,375,500,6869
1742,006874.jpg,375,500,6874
1743,006883.jpg,375,500,6883
1744,006887.jpg,375,500,6887
1745,006893.jpg,500,375,6893
1746,006896.jpg,375,500,6896
1747,006899.jpg,500,496,6899
1748,006900.jpg,375,500,6900
1749,006909.jpg,375,500,6909
1750,006910.jpg,335,500,6910
1751,006911.jpg,480,441,6911
1752,006912.jpg,375,500,6912
1753,006914.jpg,375,500,6914
1754,006916.jpg,332,500,6916
1755,006917.jpg,375,500,6917
1756,006919.jpg,375,500,6919
1757,006930.jpg,375,500,6930
1758,006931.jpg,500,333,6931
1759,006939.jpg,375,500,6939
1760,006943.jpg,375,500,6943
1761,006947.jpg,375,500,6947
1762,006948.jpg,375,500,6948
1763,006950.jpg,500,333,6950
1764,006958.jpg,500,333,6958
1765,006959.jpg,333,500,6959
1766,006968.jpg,375,500,6968
1767,006971.jpg,333,500,6971
1768,006976.jpg,500,375,6976
1769,006983.jpg,333,500,6983
1770,007002.jpg,333,500,7002
1771,007003.jpg,375,500,7003
1772,007006.jpg,375,500,7006
1773,007007.jpg,374,500,7007
1774,007011.jpg,375,500,7011
1775,007016.jpg,375,500,7016
1776,007018.jpg,357,500,7018
1777,007023.jpg,500,375,7023
1778,007025.jpg,375,500,7025
1779,007029.jpg,375,500,7029
1780,007033.jpg,375,500,7033
1781,007036.jpg,375,500,7036
1782,007039.jpg,375,500,7039
1783,007040.jpg,425,500,7040
1784,007045.jpg,500,357,7045
1785,007050.jpg,333,500,7050
1786,007062.jpg,375,500,7062
1787,007064.jpg,375,500,7064
1788,007072.jpg,375,500,7072
1789,007073.jpg,375,500,7073
1790,007075.jpg,336,500,7075
1791,007078.jpg,375,500,7078
1792,007079.jpg,375,500,7079
1793,007080.jpg,333,500,7080
1794,007088.jpg,333,500,7088
1795,007089.jpg,356,500,7089
1796,007090.jpg,375,500,7090
1797,007092.jpg,500,375,7092
1798,007093.jpg,375,500,7093
1799,007095.jpg,375,500,7095
1800,007105.jpg,333,500,7105
1801,007108.jpg,334,500,7108
1802,007113.jpg,400,127,7113
1803,007121.jpg,500,375,7121
1804,007125.jpg,370,308,7125
1805,007128.jpg,500,375,7128
1806,007129.jpg,397,500,7129
1807,007130.jpg,375,500,7130
1808,007133.jpg,500,375,7133
1809,007138.jpg,343,500,7138
1810,007150.jpg,375,500,7150
1811,007152.jpg,334,500,7152
1812,007154.jpg,500,375,7154
1813,007159.jpg,375,500,7159
1814,007163.jpg,375,500,7163
1815,007166.jpg,500,333,7166
1816,007168.jpg,500,375,7168
1817,007177.jpg,500,333,7177
1818,007180.jpg,500,375,7180
1819,007182.jpg,500,333,7182
1820,007184.jpg,500,334,7184
1821,007185.jpg,332,500,7185
1822,007193.jpg,500,375,7193
1823,007194.jpg,334,500,7194
1824,007197.jpg,334,500,7197
1825,007205.jpg,375,500,7205
1826,007213.jpg,375,500,7213
1827,007214.jpg,500,375,7214
1828,007219.jpg,500,375,7219
1829,007222.jpg,339,500,7222
1830,007223.jpg,333,500,7223
1831,007234.jpg,214,320,7234
1832,007241.jpg,375,500,7241
1833,007243.jpg,375,500,7243
1834,007250.jpg,333,500,7250
1835,007256.jpg,375,500,7256
1836,007261.jpg,500,377,7261
1837,007263.jpg,375,500,7263
1838,007271.jpg,375,500,7271
1839,007279.jpg,281,500,7279
1840,007285.jpg,500,375,7285
1841,007289.jpg,333,500,7289
1842,007295.jpg,375,500,7295
1843,007298.jpg,333,500,7298
1844,007305.jpg,331,500,7305
1845,007308.jpg,480,389,7308
1846,007322.jpg,375,500,7322
1847,007323.jpg,500,228,7323
1848,007325.jpg,333,500,7325
1849,007327.jpg,375,500,7327
1850,007334.jpg,375,500,7334
1851,007336.jpg,500,375,7336
1852,007351.jpg,375,500,7351
1853,007361.jpg,375,500,7361
1854,007365.jpg,332,500,7365
1855,007369.jpg,375,500,7369
1856,007370.jpg,500,375,7370
1857,007373.jpg,375,500,7373
1858,007375.jpg,375,500,7375
1859,007381.jpg,500,417,7381
1860,007385.jpg,333,500,7385
1861,007389.jpg,337,500,7389
1862,007394.jpg,333,500,7394
1863,007396.jpg,375,500,7396
1864,007398.jpg,283,500,7398
1865,007410.jpg,333,500,7410
1866,007411.jpg,432,500,7411
1867,007413.jpg,375,500,7413
1868,007417.jpg,269,500,7417
1869,007419.jpg,375,500,7419
1870,007421.jpg,500,375,7421
1871,007425.jpg,333,500,7425
1872,007431.jpg,417,500,7431
1873,007437.jpg,333,500,7437
1874,007446.jpg,500,375,7446
1875,007454.jpg,375,500,7454
1876,007458.jpg,375,500,7458
1877,007466.jpg,331,500,7466
1878,007467.jpg,333,500,7467
1879,007468.jpg,375,500,7468
1880,007474.jpg,375,500,7474
1881,007477.jpg,500,431,7477
1882,007479.jpg,329,500,7479
1883,007481.jpg,332,500,7481
1884,007483.jpg,376,500,7483
1885,007490.jpg,375,500,7490
1886,007491.jpg,375,500,7491
1887,007493.jpg,375,500,7493
1888,007497.jpg,333,500,7497
1889,007503.jpg,375,500,7503
1890,007513.jpg,333,500,7513
1891,007519.jpg,375,500,7519
1892,007521.jpg,293,500,7521
1893,007524.jpg,500,333,7524
1894,007526.jpg,500,332,7526
1895,007530.jpg,500,378,7530
1896,007535.jpg,500,368,7535
1897,007536.jpg,375,500,7536
1898,007538.jpg,375,500,7538
1899,007540.jpg,375,500,7540
1900,007544.jpg,375,500,7544
1901,007558.jpg,334,500,7558
1902,007565.jpg,375,500,7565
1903,007566.jpg,336,500,7566
1904,007570.jpg,332,500,7570
1905,007572.jpg,333,500,7572
1906,007575.jpg,375,500,7575
1907,007578.jpg,331,500,7578
1908,007586.jpg,375,500,7586
1909,007590.jpg,500,375,7590
1910,007594.jpg,375,500,7594
1911,007600.jpg,333,500,7600
1912,007601.jpg,375,500,7601
1913,007606.jpg,375,500,7606
1914,007611.jpg,375,500,7611
1915,007619.jpg,333,500,7619
1916,007621.jpg,375,500,7621
1917,007629.jpg,375,500,7629
1918,007631.jpg,375,500,7631
1919,007633.jpg,329,500,7633
1920,007637.jpg,375,500,7637
1921,007653.jpg,332,500,7653
1922,007654.jpg,350,500,7654
1923,007655.jpg,357,500,7655
1924,007663.jpg,375,500,7663
1925,007667.jpg,375,500,7667
1926,007683.jpg,375,500,7683
1927,007685.jpg,375,500,7685
1928,007692.jpg,332,500,7692
1929,007696.jpg,375,500,7696
1930,007697.jpg,500,332,7697
1931,007699.jpg,375,500,7699
1932,007704.jpg,356,500,7704
1933,007713.jpg,331,500,7713
1934,007718.jpg,375,500,7718
1935,007721.jpg,374,500,7721
1936,007729.jpg,375,500,7729
1937,007731.jpg,500,375,7731
1938,007735.jpg,333,500,7735
1939,007736.jpg,375,500,7736
1940,007740.jpg,375,500,7740
1941,007748.jpg,500,332,7748
1942,007749.jpg,375,500,7749
1943,007751.jpg,375,500,7751
1944,007753.jpg,375,500,7753
1945,007762.jpg,375,500,7762
1946,007767.jpg,333,500,7767
1947,007775.jpg,500,378,7775
1948,007777.jpg,374,500,7777
1949,007781.jpg,375,500,7781
1950,007790.jpg,375,500,7790
1951,007791.jpg,375,500,7791
1952,007795.jpg,375,500,7795
1953,007803.jpg,375,500,7803
1954,007809.jpg,375,500,7809
1955,007810.jpg,500,375,7810
1956,007814.jpg,375,500,7814
1957,007819.jpg,208,500,7819
1958,007820.jpg,333,500,7820
1959,007821.jpg,500,357,7821
1960,007831.jpg,500,384,7831
1961,007836.jpg,375,500,7836
1962,007838.jpg,375,500,7838
1963,007840.jpg,500,333,7840
1964,007847.jpg,333,500,7847
1965,007853.jpg,467,500,7853
1966,007854.jpg,500,301,7854
1967,007859.jpg,337,500,7859
1968,007863.jpg,375,500,7863
1969,007864.jpg,333,500,7864
1970,007872.jpg,333,500,7872
1971,007876.jpg,375,500,7876
1972,007877.jpg,375,500,7877
1973,007878.jpg,500,375,7878
1974,007883.jpg,335,500,7883
1975,007884.jpg,416,500,7884
1976,007885.jpg,500,441,7885
1977,007898.jpg,500,400,7898
1978,007900.jpg,375,500,7900
1979,007901.jpg,500,375,7901
1980,007905.jpg,374,500,7905
1981,007908.jpg,333,500,7908
1982,007910.jpg,375,500,7910
1983,007911.jpg,498,500,7911
1984,007914.jpg,500,375,7914
1985,007915.jpg,375,500,7915
1986,007923.jpg,235,500,7923
1987,007925.jpg,375,500,7925
1988,007926.jpg,339,500,7926
1989,007932.jpg,333,500,7932
1990,007939.jpg,500,375,7939
1991,007940.jpg,375,500,7940
1992,007953.jpg,500,333,7953
1993,007959.jpg,500,334,7959
1994,007963.jpg,375,500,7963
1995,007964.jpg,333,500,7964
1996,007968.jpg,375,500,7968
1997,007974.jpg,375,500,7974
1998,007976.jpg,375,500,7976
1999,007980.jpg,329,500,7980
2000,007991.jpg,375,500,7991
2001,007996.jpg,333,500,7996
2002,008001.jpg,353,500,8001
2003,008004.jpg,500,375,8004
2004,008005.jpg,375,500,8005
2005,008008.jpg,331,500,8008
2006,008012.jpg,393,500,8012
2007,008017.jpg,333,500,8017
2008,008019.jpg,318,480,8019
2009,008026.jpg,375,500,8026
2010,008037.jpg,333,500,8037
2011,008040.jpg,399,500,8040
2012,008042.jpg,375,500,8042
2013,008043.jpg,288,292,8043
2014,008044.jpg,336,500,8044
2015,008049.jpg,375,500,8049
2016,008051.jpg,375,500,8051
2017,008053.jpg,500,244,8053
2018,008062.jpg,375,500,8062
2019,008063.jpg,375,500,8063
2020,008064.jpg,333,500,8064
2021,008067.jpg,375,500,8067
2022,008072.jpg,325,450,8072
2023,008075.jpg,375,500,8075
2024,008076.jpg,375,500,8076
2025,008079.jpg,335,500,8079
2026,008082.jpg,333,500,8082
2027,008083.jpg,300,400,8083
2028,008084.jpg,500,338,8084
2029,008093.jpg,375,500,8093
2030,008095.jpg,375,500,8095
2031,008096.jpg,375,500,8096
2032,008098.jpg,375,500,8098
2033,008106.jpg,500,375,8106
2034,008108.jpg,375,500,8108
2035,008116.jpg,375,500,8116
2036,008117.jpg,375,500,8117
2037,008121.jpg,375,500,8121
2038,008127.jpg,334,500,8127
2039,008130.jpg,375,500,8130
2040,008137.jpg,500,375,8137
2041,008139.jpg,411,500,8139
2042,008142.jpg,332,500,8142
2043,008150.jpg,333,500,8150
2044,008163.jpg,327,500,8163
2045,008164.jpg,375,500,8164
2046,008166.jpg,333,500,8166
2047,008169.jpg,375,500,8169
2048,008174.jpg,333,500,8174
2049,008186.jpg,443,500,8186
2050,008188.jpg,305,500,8188
2051,008197.jpg,335,500,8197
2052,008199.jpg,375,500,8199
2053,008202.jpg,375,500,8202
2054,008203.jpg,375,500,8203
2055,008204.jpg,374,500,8204
2056,008211.jpg,500,375,8211
2057,008213.jpg,224,500,8213
2058,008216.jpg,500,375,8216
2059,008218.jpg,375,500,8218
2060,008223.jpg,375,500,8223
2061,008226.jpg,375,500,8226
2062,008232.jpg,375,500,8232
2063,008235.jpg,333,500,8235
2064,008248.jpg,375,500,8248
2065,008250.jpg,375,500,8250
2066,008252.jpg,375,500,8252
2067,008253.jpg,375,500,8253
2068,008254.jpg,333,500,8254
2069,008260.jpg,375,500,8260
2070,008261.jpg,500,332,8261
2071,008262.jpg,375,500,8262
2072,008263.jpg,375,500,8263
2073,008269.jpg,335,500,8269
2074,008272.jpg,375,500,8272
2075,008280.jpg,335,500,8280
2076,008282.jpg,375,500,8282
2077,008296.jpg,333,500,8296
2078,008301.jpg,500,375,8301
2079,008302.jpg,375,500,8302
2080,008310.jpg,335,500,8310
2081,008311.jpg,333,500,8311
2082,008312.jpg,500,375,8312
2083,008313.jpg,375,500,8313
2084,008315.jpg,375,500,8315
2085,008316.jpg,333,500,8316
2086,008317.jpg,375,500,8317
2087,008322.jpg,375,500,8322
2088,008332.jpg,375,500,8332
2089,008336.jpg,375,500,8336
2090,008338.jpg,168,500,8338
2091,008341.jpg,333,500,8341
2092,008342.jpg,400,500,8342
2093,008346.jpg,500,291,8346
2094,008351.jpg,333,500,8351
2095,008360.jpg,375,500,8360
2096,008372.jpg,332,500,8372
2097,008374.jpg,375,500,8374
2098,008381.jpg,500,463,8381
2099,008384.jpg,335,500,8384
2100,008385.jpg,500,369,8385
2101,008388.jpg,338,450,8388
2102,008391.jpg,309,500,8391
2103,008397.jpg,375,500,8397
2104,008398.jpg,375,500,8398
2105,008403.jpg,500,499,8403
2106,008409.jpg,375,500,8409
2107,008422.jpg,375,500,8422
2108,008425.jpg,375,500,8425
2109,008426.jpg,398,500,8426
2110,008427.jpg,333,500,8427
2111,008437.jpg,500,333,8437
2112,008442.jpg,375,500,8442
2113,008443.jpg,382,500,8443
2114,008445.jpg,333,500,8445
2115,008449.jpg,375,500,8449
2116,008452.jpg,369,500,8452
2117,008453.jpg,400,500,8453
2118,008456.jpg,333,500,8456
2119,008462.jpg,375,500,8462
2120,008465.jpg,500,500,8465
2121,008466.jpg,333,500,8466
2122,008467.jpg,500,375,8467
2123,008468.jpg,240,320,8468
2124,008470.jpg,375,500,8470
2125,008475.jpg,375,500,8475
2126,008477.jpg,358,500,8477
2127,008478.jpg,375,500,8478
2128,008482.jpg,375,500,8482
2129,008483.jpg,333,500,8483
2130,008495.jpg,357,500,8495
2131,008506.jpg,319,500,8506
2132,008517.jpg,333,500,8517
2133,008523.jpg,333,500,8523
2134,008529.jpg,500,375,8529
2135,008530.jpg,333,500,8530
2136,008533.jpg,425,500,8533
2137,008536.jpg,500,375,8536
2138,008549.jpg,333,500,8549
2139,008550.jpg,375,500,8550
2140,008558.jpg,375,500,8558
2141,008559.jpg,500,333,8559
2142,008568.jpg,375,500,8568
2143,008581.jpg,500,333,8581
2144,008585.jpg,334,500,8585
2145,008587.jpg,375,500,8587
2146,008588.jpg,375,500,8588
2147,008595.jpg,333,500,8595
2148,008596.jpg,480,356,8596
2149,008602.jpg,375,500,8602
2150,008610.jpg,326,500,8610
2151,008615.jpg,375,500,8615
2152,008617.jpg,375,500,8617
2153,008618.jpg,331,500,8618
2154,008628.jpg,500,375,8628
2155,008633.jpg,247,500,8633
2156,008645.jpg,330,500,8645
2157,008655.jpg,500,375,8655
2158,008663.jpg,375,500,8663
2159,008665.jpg,333,500,8665
2160,008670.jpg,500,331,8670
2161,008676.jpg,336,500,8676
2162,008688.jpg,325,500,8688
2163,008690.jpg,333,500,8690
2164,008691.jpg,334,500,8691
2165,008699.jpg,375,500,8699
2166,008702.jpg,375,500,8702
2167,008706.jpg,333,500,8706
2168,008710.jpg,335,500,8710
2169,008720.jpg,500,333,8720
2170,008723.jpg,334,500,8723
2171,008725.jpg,375,500,8725
2172,008727.jpg,500,375,8727
2173,008731.jpg,332,500,8731
2174,008732.jpg,500,371,8732
2175,008738.jpg,333,500,8738
2176,008741.jpg,500,375,8741
2177,008744.jpg,500,332,8744
2178,008748.jpg,500,344,8748
2179,008750.jpg,375,500,8750
2180,008755.jpg,333,500,8755
2181,008756.jpg,375,500,8756
2182,008757.jpg,375,500,8757
2183,008760.jpg,375,500,8760
2184,008764.jpg,500,400,8764
2185,008768.jpg,500,367,8768
2186,008770.jpg,333,500,8770
2187,008771.jpg,335,500,8771
2188,008776.jpg,333,500,8776
2189,008783.jpg,375,500,8783
2190,008784.jpg,262,500,8784
2191,008790.jpg,327,500,8790
2192,008794.jpg,375,500,8794
2193,008806.jpg,375,500,8806
2194,008809.jpg,320,500,8809
2195,008811.jpg,375,500,8811
2196,008813.jpg,375,500,8813
2197,008814.jpg,332,500,8814
2198,008815.jpg,375,500,8815
2199,008819.jpg,500,375,8819
2200,008838.jpg,321,500,8838
2201,008840.jpg,333,500,8840
2202,008841.jpg,375,500,8841
2203,008847.jpg,361,500,8847
2204,008856.jpg,375,500,8856
2205,008862.jpg,480,318,8862
2206,008865.jpg,334,500,8865
2207,008872.jpg,270,360,8872
2208,008878.jpg,375,500,8878
2209,008879.jpg,375,500,8879
2210,008883.jpg,375,500,8883
2211,008885.jpg,500,395,8885
2212,008886.jpg,203,241,8886
2213,008891.jpg,333,500,8891
2214,008900.jpg,375,500,8900
2215,008905.jpg,375,500,8905
2216,008909.jpg,375,500,8909
2217,008920.jpg,375,500,8920
2218,008923.jpg,209,500,8923
2219,008926.jpg,413,500,8926
2220,008929.jpg,333,500,8929
2221,008930.jpg,500,375,8930
2222,008932.jpg,375,500,8932
2223,008933.jpg,500,375,8933
2224,008936.jpg,375,500,8936
2225,008939.jpg,375,500,8939
2226,008944.jpg,500,444,8944
2227,008948.jpg,375,500,8948
2228,008958.jpg,375,500,8958
2229,008960.jpg,327,500,8960
2230,008961.jpg,407,500,8961
2231,008962.jpg,375,500,8962
2232,008966.jpg,375,500,8966
2233,008967.jpg,333,500,8967
2234,008968.jpg,375,500,8968
2235,008969.jpg,375,500,8969
2236,008970.jpg,334,500,8970
2237,008971.jpg,294,500,8971
2238,008973.jpg,333,500,8973
2239,008975.jpg,375,500,8975
2240,008978.jpg,375,500,8978
2241,008979.jpg,384,500,8979
2242,008980.jpg,500,459,8980
2243,008985.jpg,500,375,8985
2244,008987.jpg,333,500,8987
2245,008988.jpg,375,500,8988
2246,008989.jpg,375,500,8989
2247,008995.jpg,500,156,8995
2248,008999.jpg,375,500,8999
2249,009000.jpg,375,500,9000
2250,009004.jpg,334,500,9004
2251,009005.jpg,375,500,9005
2252,009016.jpg,500,375,9016
2253,009018.jpg,375,500,9018
2254,009020.jpg,332,500,9020
2255,009027.jpg,375,500,9027
2256,009029.jpg,500,333,9029
2257,009032.jpg,375,500,9032
2258,009036.jpg,405,500,9036
2259,009042.jpg,334,500,9042
2260,009045.jpg,375,500,9045
2261,009049.jpg,349,500,9049
2262,009058.jpg,375,500,9058
2263,009059.jpg,375,500,9059
2264,009063.jpg,334,500,9063
2265,009066.jpg,351,500,9066
2266,009068.jpg,375,500,9068
2267,009073.jpg,375,500,9073
2268,009078.jpg,368,500,9078
2269,009080.jpg,375,500,9080
2270,009086.jpg,281,500,9086
2271,009098.jpg,500,418,9098
2272,009099.jpg,375,500,9099
2273,009100.jpg,363,500,9100
2274,009106.jpg,375,500,9106
2275,009108.jpg,376,500,9108
2276,009114.jpg,212,320,9114
2277,009117.jpg,375,500,9117
2278,009121.jpg,333,500,9121
2279,009123.jpg,375,500,9123
2280,009136.jpg,375,500,9136
2281,009144.jpg,357,500,9144
2282,009148.jpg,276,369,9148
2283,009153.jpg,500,375,9153
2284,009160.jpg,333,500,9160
2285,009161.jpg,379,500,9161
2286,009166.jpg,286,500,9166
2287,009173.jpg,500,375,9173
2288,009175.jpg,375,500,9175
2289,009181.jpg,500,333,9181
2290,009184.jpg,334,500,9184
2291,009185.jpg,411,500,9185
2292,009191.jpg,348,500,9191
2293,009196.jpg,375,500,9196
2294,009197.jpg,376,500,9197
2295,009200.jpg,375,500,9200
2296,009205.jpg,334,500,9205
2297,009208.jpg,333,500,9208
2298,009209.jpg,375,500,9209
2299,009214.jpg,375,500,9214
2300,009215.jpg,375,500,9215
2301,009218.jpg,500,375,9218
2302,009227.jpg,333,500,9227
2303,009230.jpg,375,500,9230
2304,009238.jpg,333,500,9238
2305,009242.jpg,375,500,9242
2306,009245.jpg,375,500,9245
2307,009251.jpg,333,500,9251
2308,009252.jpg,369,500,9252
2309,009255.jpg,200,257,9255
2310,009259.jpg,333,500,9259
2311,009269.jpg,496,500,9269
2312,009270.jpg,335,500,9270
2313,009271.jpg,375,500,9271
2314,009272.jpg,333,500,9272
2315,009283.jpg,375,500,9283
2316,009285.jpg,375,500,9285
2317,009287.jpg,333,500,9287
2318,009288.jpg,319,213,9288
2319,009289.jpg,333,500,9289
2320,009290.jpg,333,500,9290
2321,009295.jpg,375,500,9295
2322,009296.jpg,375,500,9296
2323,009299.jpg,333,500,9299
2324,009306.jpg,500,375,9306
2325,009307.jpg,400,400,9307
2326,009308.jpg,331,500,9308
2327,009316.jpg,375,500,9316
2328,009318.jpg,334,500,9318
2329,009324.jpg,331,500,9324
2330,009325.jpg,375,500,9325
2331,009327.jpg,500,334,9327
2332,009333.jpg,375,500,9333
2333,009336.jpg,375,500,9336
2334,009339.jpg,375,500,9339
2335,009342.jpg,375,500,9342
2336,009343.jpg,334,500,9343
2337,009358.jpg,375,500,9358
2338,009359.jpg,281,500,9359
2339,009362.jpg,333,500,9362
2340,009365.jpg,332,500,9365
2341,009377.jpg,338,500,9377
2342,009386.jpg,375,500,9386
2343,009388.jpg,375,500,9388
2344,009389.jpg,375,500,9389
2345,009392.jpg,331,500,9392
2346,009393.jpg,372,500,9393
2347,009394.jpg,333,500,9394
2348,009398.jpg,333,500,9398
2349,009406.jpg,283,500,9406
2350,009407.jpg,480,432,9407
2351,009409.jpg,375,500,9409
2352,009410.jpg,375,500,9410
2353,009411.jpg,375,500,9411
2354,009413.jpg,500,500,9413
2355,009417.jpg,375,500,9417
2356,009418.jpg,333,500,9418
2357,009419.jpg,333,500,9419
2358,009420.jpg,375,500,9420
2359,009421.jpg,375,500,9421
2360,009422.jpg,334,500,9422
2361,009424.jpg,375,500,9424
2362,009429.jpg,346,500,9429
2363,009432.jpg,332,500,9432
2364,009434.jpg,333,500,9434
2365,009446.jpg,375,500,9446
2366,009458.jpg,500,473,9458
2367,009460.jpg,375,500,9460
2368,009463.jpg,333,500,9463
2369,009465.jpg,346,393,9465
2370,009466.jpg,450,500,9466
2371,009469.jpg,375,500,9469
2372,009476.jpg,400,500,9476
2373,009488.jpg,500,447,9488
2374,009490.jpg,500,375,9490
2375,009491.jpg,375,500,9491
2376,009496.jpg,333,500,9496
2377,009497.jpg,375,500,9497
2378,009499.jpg,500,339,9499
2379,009504.jpg,500,480,9504
2380,009508.jpg,500,374,9508
2381,009512.jpg,500,375,9512
2382,009515.jpg,270,360,9515
2383,009516.jpg,500,375,9516
2384,009518.jpg,369,500,9518
2385,009520.jpg,359,500,9520
2386,009523.jpg,375,500,9523
2387,009524.jpg,348,500,9524
2388,009526.jpg,500,375,9526
2389,009528.jpg,375,500,9528
2390,009537.jpg,281,500,9537
2391,009541.jpg,500,375,9541
2392,009542.jpg,332,500,9542
2393,009545.jpg,333,500,9545
2394,009549.jpg,375,500,9549
2395,009551.jpg,375,500,9551
2396,009557.jpg,500,333,9557
2397,009562.jpg,500,357,9562
2398,009566.jpg,375,500,9566
2399,009573.jpg,337,500,9573
2400,009576.jpg,375,500,9576
2401,009577.jpg,375,500,9577
2402,009579.jpg,500,375,9579
2403,009584.jpg,375,500,9584
2404,009585.jpg,375,500,9585
2405,009587.jpg,375,500,9587
2406,009596.jpg,331,500,9596
2407,009600.jpg,375,500,9600
2408,009605.jpg,375,500,9605
2409,009609.jpg,335,500,9609
2410,009613.jpg,500,375,9613
2411,009614.jpg,375,500,9614
2412,009615.jpg,333,500,9615
2413,009618.jpg,375,500,9618
2414,009621.jpg,500,412,9621
2415,009623.jpg,333,500,9623
2416,009629.jpg,334,500,9629
2417,009634.jpg,375,500,9634
2418,009637.jpg,375,500,9637
2419,009638.jpg,375,500,9638
2420,009644.jpg,332,500,9644
2421,009650.jpg,500,365,9650
2422,009654.jpg,500,333,9654
2423,009656.jpg,375,500,9656
2424,009659.jpg,375,500,9659
2425,009664.jpg,500,375,9664
2426,009666.jpg,500,375,9666
2427,009668.jpg,375,500,9668
2428,009671.jpg,375,500,9671
2429,009679.jpg,240,320,9679
2430,009684.jpg,375,500,9684
2431,009691.jpg,333,500,9691
2432,009693.jpg,375,500,9693
2433,009702.jpg,333,500,9702
2434,009703.jpg,375,500,9703
2435,009707.jpg,281,500,9707
2436,009709.jpg,500,375,9709
2437,009713.jpg,375,500,9713
2438,009717.jpg,333,500,9717
2439,009718.jpg,375,500,9718
2440,009721.jpg,500,375,9721
2441,009729.jpg,333,500,9729
2442,009733.jpg,333,500,9733
2443,009734.jpg,375,500,9734
2444,009735.jpg,500,333,9735
2445,009749.jpg,500,369,9749
2446,009755.jpg,334,500,9755
2447,009756.jpg,375,500,9756
2448,009762.jpg,375,500,9762
2449,009763.jpg,375,500,9763
2450,009774.jpg,400,500,9774
2451,009776.jpg,375,500,9776
2452,009789.jpg,351,500,9789
2453,009790.jpg,284,500,9790
2454,009792.jpg,375,500,9792
2455,009797.jpg,333,500,9797
2456,009800.jpg,460,500,9800
2457,009805.jpg,375,500,9805
2458,009807.jpg,333,500,9807
2459,009808.jpg,500,350,9808
2460,009810.jpg,333,500,9810
2461,009813.jpg,375,500,9813
2462,009825.jpg,500,333,9825
2463,009828.jpg,500,333,9828
2464,009830.jpg,375,500,9830
2465,009832.jpg,375,500,9832
2466,009834.jpg,333,500,9834
2467,009839.jpg,341,500,9839
2468,009842.jpg,375,500,9842
2469,009845.jpg,375,500,9845
2470,009848.jpg,360,480,9848
2471,009851.jpg,375,500,9851
2472,009852.jpg,375,500,9852
2473,009855.jpg,325,500,9855
2474,009859.jpg,333,500,9859
2475,009860.jpg,396,500,9860
2476,009867.jpg,375,500,9867
2477,009868.jpg,500,333,9868
2478,009869.jpg,375,500,9869
2479,009872.jpg,375,500,9872
2480,009874.jpg,480,318,9874
2481,009877.jpg,500,333,9877
2482,009878.jpg,375,500,9878
2483,009879.jpg,375,500,9879
2484,009882.jpg,372,500,9882
2485,009884.jpg,375,500,9884
2486,009887.jpg,374,500,9887
2487,009896.jpg,375,500,9896
2488,009904.jpg,500,375,9904
2489,009911.jpg,400,500,9911
2490,009918.jpg,333,500,9918
2491,009920.jpg,500,334,9920
2492,009926.jpg,375,500,9926
2493,009938.jpg,375,500,9938
2494,009940.jpg,375,500,9940
2495,009942.jpg,332,500,9942
2496,009944.jpg,331,500,9944
2497,009945.jpg,375,500,9945
2498,009949.jpg,375,500,9949
2499,009959.jpg,375,500,9959
2500,009961.jpg,374,500,9961
